% Model,Dz11_comsol.mph
% Version,COMSOL 5.2.1.262
% Date,"May 5 2018, 09:18"
% Dimension,2
% Nodes,557
% Expressions,2
% Description,Arrow line
% x,y,VectorX,VectorY
-7,-7.499999999999999,1.300928085720671E-7,1.1109636943729129E-7
-7.000000000000001,-7.300000000000001,4.4916109054327075E-7,-0.0017602213648439226
-7.000000000000001,-7.1000000000000005,3.2086310053358597E-7,-0.003512622027947592
-7.000000000000001,-6.9,2.685509716826573E-7,-0.00524925769544498
-7.000000000000001,-6.7,2.5220706323381137E-7,-0.006962201400713402
-7.000000000000001,-6.5,2.6080565618258333E-7,-0.00864333945251295
-7,-6.299999999999999,2.699827890140227E-7,-0.010284423349792071
-7.000000000000001,-6.1,2.8772837001866947E-7,-0.01187701811339129
-7.000000000000001,-5.9,3.073430709932268E-7,-0.01341248731719038
-7,-5.699999999999999,3.248626461171966E-7,-0.01488198153628651
-7.000000000000001,-5.5,3.395991008403598E-7,-0.01627644265525475
-7.000000000000001,-5.3,3.4958302208565323E-7,-0.017586617394848316
-7,-5.1,3.549754996612364E-7,-0.01880308791019827
-7.000000000000001,-4.899999999999999,3.5625932959248985E-7,-0.019916318162283342
-7.000000000000002,-4.699999999999998,3.535206136717761E-7,-0.020916717373519647
-7.000000000000002,-4.499999999999998,3.4658900549544564E-7,-0.021794722362366167
-7.000000000000001,-4.299999999999998,3.3480747774206066E-7,-0.022540898973835745
-7.000000000000001,-4.099999999999997,3.1748809004028544E-7,-0.02314606309070555
-7.000000000000001,-3.8999999999999972,2.940026000430862E-7,-0.023601420560184886
-7.000000000000002,-3.6999999999999975,2.6381416429188675E-7,-0.023898724908472165
-7.000000000000001,-3.4999999999999964,2.265141194612852E-7,-0.024030450823043115
-7,-3.299999999999996,1.8185840477968893E-7,-0.023989980458468233
-7.000000000000001,-3.099999999999996,1.298058798226975E-7,-0.023771798621290963
-7.000000000000002,-2.899999999999996,7.055190831550817E-8,-0.02337169188365102
-7.000000000000001,-2.6999999999999953,4.558571298218794E-9,-0.022786945701708246
-7,-2.4999999999999947,-6.742622549182897E-8,-0.02201653275955417
-7.000000000000001,-2.2999999999999945,-1.4435700368409243E-7,-0.02106128506498476
-7.000000000000001,-2.0999999999999948,-2.2489548356929842E-7,-0.019924041911685033
-7,-1.899999999999995,-3.074307484141059E-7,-0.018609765731238244
-7,-1.6999999999999944,-3.901158338592836E-7,-0.01712561818205849
-7,-1.4999999999999942,-4.709222949372815E-7,-0.015480989578001925
-7.000000000000001,-1.2999999999999945,-5.477107363205391E-7,-0.013687475999965129
-7.000000000000002,-1.0999999999999939,-6.183143606008912E-7,-0.011758800115026856
-7.000000000000001,-0.8999999999999928,-6.806317003338336E-7,-0.009710673807187818
-7.000000000000002,-0.6999999999999931,-7.32724672936058E-7,-0.007560603127321171
-7.000000000000002,-0.4999999999999929,-7.729113908894192E-7,-0.005327638619100168
-7.000000000000002,-0.2999999999999927,-7.998535052067267E-7,-0.0030320766963337254
-7,-0.09999999999999165,-8.126263315588743E-7,-6.951201669476855E-4
-7.000000000000001,0.10000000000000853,-8.107695723680308E-7,0.0016614918567710829
-7.000000000000002,0.3000000000000078,-7.943133768506526E-7,0.004015872790377573
-7.000000000000001,0.5000000000000089,-7.637781820335476E-7,0.006346383233012202
-7,0.70000000000001,-7.201494023334476E-7,0.008632018171877795
-7.000000000000001,0.9000000000000092,-6.648251975605034E-7,0.010852773822999505
-7.000000000000002,1.1000000000000094,-5.995461966890047E-7,0.01298998224011271
-7.000000000000001,1.3000000000000105,-5.263091855667312E-7,0.015026603473063515
-7.000000000000001,1.5000000000000115,-4.472726669035864E-7,0.016947467186832835
-7.000000000000001,1.7000000000000126,-3.646587147798641E-7,0.018739458108406094
-7.000000000000001,1.9000000000000137,-2.8065964130519205E-7,0.02039164227378518
-7.000000000000001,2.1000000000000156,-1.9735343848026332E-7,0.021895333629922614
-7.000000000000001,2.3000000000000167,-1.1663243526527366E-7,0.023244102961802907
-7.000000000000001,2.5000000000000178,-4.014773757887724E-8,0.024433733222085398
-7.000000000000001,2.7000000000000197,3.072885856880703E-8,0.02546212705111257
-7.000000000000001,2.900000000000021,9.49254896909224E-8,0.026329173534351775
-7.000000000000001,3.1000000000000214,1.5167507338986752E-7,0.02703658204012995
-7.000000000000002,3.3000000000000234,2.0050605176180622E-7,0.02758769131317201
-7.000000000000002,3.5000000000000244,2.4122138508886337E-7,0.027987261939754992
-7,3.7000000000000255,2.738687205905421E-7,0.028241259872702505
-7,3.9000000000000274,2.987056682002276E-7,0.02835663803491073
-7,4.100000000000028,3.161611479285398E-7,0.028341122126382956
-7.000000000000001,4.300000000000029,3.2679634820453884E-7,0.028203005770454734
-7.000000000000001,4.500000000000032,3.312669623056763E-7,0.027950959083403507
-7.000000000000001,4.700000000000033,3.302883930800249E-7,0.027593853719905203
-7.000000000000001,4.900000000000034,3.2460426080405114E-7,0.027140606452838258
-7.000000000000002,5.100000000000035,3.1495963881411626E-7,0.026600042465582133
-7.000000000000002,5.300000000000036,3.020793464258986E-7,0.025980778743572103
-7,5.500000000000037,2.86650044145631E-7,0.025291127296195537
-7.000000000000001,5.700000000000038,2.69308150890879E-7,0.02453901741867874
-7.000000000000001,5.90000000000004,2.506305269989184E-7,0.02373193578463235
-7.000000000000001,6.100000000000041,2.3113002622920928E-7,0.022876882892575983
-7.000000000000001,6.300000000000043,2.112524954966943E-7,0.021980344174265316
-7.000000000000001,6.500000000000044,1.9137825812975962E-7,0.021048274019342134
-7.000000000000001,6.7000000000000455,1.7182461942155666E-7,0.020086090913047378
-7.000000000000001,6.9000000000000465,1.5284871768272978E-7,0.019098681954446105
-7.000000000000002,7.100000000000048,1.346542282121277E-7,0.018090415092446695
-7,7.300000000000049,1.173955173072727E-7,0.017065157556802744
-7.000000000000001,7.5000000000000515,1.0118380444623652E-7,0.016026299086544786
-7.000000000000001,7.700000000000053,8.609420909522214E-8,0.014976778734898083
-7.000000000000001,7.900000000000054,7.217023778594012E-8,0.01391911418078571
-7.000000000000001,8.100000000000055,5.943009906417273E-8,0.012855432641333136
-7.000000000000001,8.300000000000056,4.787250773574669E-8,0.011787502634233536
-7.000000000000001,8.500000000000057,3.748294385985673E-8,0.010716765994565797
-7.000000000000001,8.70000000000006,2.8245922933933795E-8,0.009644369657940284
-7.000000000000002,8.90000000000006,2.016561939655048E-8,0.008571196888753204
-7.000000000000001,9.100000000000062,1.3378351759740781E-8,0.007497897686114182
-7.000000000000001,9.300000000000063,8.379041460671033E-9,0.006424918196059292
-7.000000000000001,9.500000000000064,5.828548310660153E-9,0.005352529133034037
-7.000000000000001,9.700000000000063,1.7823360565216717E-9,0.00428085260976172
-7.000000000000001,9.900000000000064,-7.071198737662598E-9,0.0032098897314464217
-7.000000000000001,10.100000000000067,-7.319139072592406E-9,0.0021395462747441124
-7.000000000000001,10.300000000000068,-1.461766885313409E-8,0.0010696550309108434
-7,10.5,-3.317788710432978E-9,4.1941486992577944E-9
-6.80000000000018,-7.500000000000001,0.0017615501210099457,4.921871692431523E-7
-6.600000000000177,-7.500000000000001,0.0035309000638153016,3.4279589744556915E-7
-6.400000000000176,-7.500000000000001,0.005315885754961997,4.930724903928763E-7
-6.200000000000173,-7.500000000000001,0.007124182332729693,3.9192945333610396E-7
-6.000000000000171,-7.500000000000001,0.008963367124395575,3.283610672255577E-7
-5.800000000000169,-7.500000000000001,0.01084079529421916,3.107726582740611E-7
-5.600000000000166,-7.500000000000001,0.012763594169036567,2.835189185645959E-7
-5.400000000000164,-7.500000000000001,0.014738571686952353,2.490103234720209E-7
-5.200000000000161,-7.5,0.016772138620496084,2.164768977408471E-7
-5.000000000000158,-7.500000000000001,0.01887023642580126,1.8744889018762478E-7
-4.800000000000157,-7.500000000000001,0.021038231128362346,1.601476498080956E-7
-4.600000000000154,-7.500000000000001,0.023280813632420332,1.282182804374088E-7
-4.400000000000151,-7.500000000000001,0.02560187738346215,9.126922773106116E-8
-4.200000000000149,-7.500000000000001,0.02800438980065311,4.892992144789332E-8
-4.0000000000001465,-7.500000000000002,0.030490252055410484,8.939915474570624E-10
-3.8000000000001446,-7.500000000000001,0.03306014965137816,-5.305054440185585E-8
-3.600000000000142,-7.500000000000001,0.035713395949733925,-1.1298658897374025E-7
-3.4000000000001394,-7.500000000000001,0.0384477716273704,-1.7883320246880885E-7
-3.2000000000001374,-7.500000000000001,0.04125936401751122,-2.5030644934531665E-7
-3.000000000000135,-7.5,0.04414241126571996,-3.268823638435947E-7
-2.800000000000132,-7.500000000000002,0.04708915726302147,-4.077613935393742E-7
-2.60000000000013,-7.500000000000001,0.05008972430864617,-4.918385476671006E-7
-2.4000000000001274,-7.500000000000001,0.05313201133790518,-5.776814226976512E-7
-2.2000000000001254,-7.500000000000001,0.0562016262594877,-6.63521153576596E-7
-2.000000000000123,-7.500000000000001,0.05928186137251371,-7.472589018675535E-7
-1.8000000000001202,-7.5,0.06235372087746059,-8.264926112389048E-7
-1.6000000000001182,-7.500000000000002,0.06539600906128198,-8.985655002291537E-7
-1.4000000000001158,-7.500000000000001,0.06838548673340135,-9.606401887296556E-7
-1.200000000000113,-7.500000000000001,0.07129710182447828,-1.0097984812773575E-6
-1.000000000000111,-7.500000000000001,0.07410429773408561,-1.0431649446474012E-6
-0.8000000000001082,-7.5,0.07677939999722339,-1.0580513336577724E-6
-0.6000000000001053,-7.500000000000002,0.07929407822143006,-1.0521145643593854E-6
-0.4000000000001034,-7.500000000000002,0.08161987616218566,-1.0235200171848646E-6
-0.20000000000010143,-7.500000000000001,0.0837287984375984,-9.710994568479234E-7
-9.947598300641403E-14,-7.500000000000001,0.0855939380369578,-8.944897835760912E-7
0.19999999999990337,-7.5,0.08719012475577069,-7.942395647830834E-7
0.3999999999999062,-7.5,0.08849457135399656,-6.718695253482565E-7
0.5999999999999082,-7.500000000000002,0.08948749195780248,-5.298778917861569E-7
0.799999999999911,-7.500000000000001,0.09015266630011677,-3.716827885469342E-7
0.9999999999999138,-7.500000000000001,0.09047792410314563,-2.0149967649985E-7
1.1999999999999158,-7.500000000000001,0.09045552632535198,-2.415844502223763E-8
1.3999999999999186,-7.5,0.0900824241326097,1.551291184398451E-7
1.5999999999999202,-7.500000000000002,0.08936038207419687,3.310360421338032E-7
1.7999999999999226,-7.500000000000002,0.08829595872212911,4.983995527396701E-7
1.9999999999999254,-7.500000000000001,0.08690034541750413,6.524896125625901E-7
2.199999999999928,-7.500000000000001,0.08518907121301364,7.892460045511029E-7
2.39999999999993,-7.500000000000001,0.08318158896484637,9.054636240790613E-7
2.5999999999999326,-7.500000000000001,0.08090076325014478,9.989133742394074E-7
2.7999999999999354,-7.500000000000001,0.07837228492676425,1.0683902464947437E-6
2.999999999999937,-7.500000000000001,0.07562403944127083,1.1136922282162232E-6
3.1999999999999393,-7.500000000000001,0.0726854563381297,1.1355348537023247E-6
3.3999999999999417,-7.500000000000002,0.0695868659665692,1.1354181443934408E-6
3.599999999999943,-7.500000000000001,0.06635888639735994,1.1154586907480277E-6
3.799999999999943,-7.500000000000001,0.0630318594643374,1.0782077675131063E-6
3.9999999999999454,-7.5,0.05963535009931998,1.0264693459660634E-6
4.199999999999946,-7.500000000000001,0.05619771819285719,9.631338153681668E-7
4.399999999999948,-7.500000000000001,0.05274576749744538,8.910357101044042E-7
4.599999999999948,-7.5,0.04930447190994615,8.128410859953306E-7
4.79999999999995,-7.500000000000001,0.04589677602528499,7.309669998178947E-7
4.999999999999952,-7.500000000000002,0.042543464273436464,6.475324907384561E-7
5.199999999999953,-7.500000000000002,0.039263091199846605,5.64335721264797E-7
5.399999999999954,-7.5,0.03607196449271476,4.828534123646477E-7
5.599999999999955,-7.5,0.032984172061734936,4.042566983386564E-7
5.799999999999956,-7.500000000000002,0.03001164470118459,3.294386301533336E-7
5.999999999999957,-7.500000000000001,0.02716424645775654,2.590480949749008E-7
6.199999999999958,-7.5,0.024449885659583625,1.9352466296140847E-7
6.39999999999996,-7.500000000000002,0.02187464049728419,1.3313498481437589E-7
6.599999999999963,-7.500000000000002,0.019442894027829623,7.800472889840647E-8
6.7999999999999625,-7.5,0.01715747437574411,2.814838229170391E-8
6.9999999999999645,-7.5,0.015019796756025081,-1.6506913169678225E-8
7.1999999999999655,-7.500000000000001,0.013030004646504074,-5.610096476260651E-8
7.399999999999968,-7.500000000000002,0.011187108059372217,-9.082385687975146E-8
7.599999999999968,-7.500000000000001,0.009489117334984159,-1.209034339311188E-7
7.799999999999969,-7.500000000000001,0.007933171278366343,-1.4659550728879367E-7
7.99999999999997,-7.500000000000002,0.006515658759499942,-1.6817705361660273E-7
8.199999999999973,-7.500000000000001,0.005232333130076194,-1.859383838009876E-7
8.399999999999974,-7.500000000000001,0.004078418999967746,-2.0017934421190373E-7
8.599999999999973,-7.5,0.00304871104548815,-2.1120630311344257E-7
8.799999999999978,-7.500000000000001,0.00213766465134223,-2.1932704186156116E-7
8.999999999999979,-7.500000000000002,0.0013394782885766336,-2.2484850958903735E-7
9.19999999999998,-7.500000000000001,6.481676084939233E-4,-2.2807362842769405E-7
9.399999999999979,-7.500000000000001,5.763131751428898E-5,-2.2929865739484964E-7
9.599999999999982,-7.5,-4.38291017022737E-4,-2.2881138495023376E-7
9.799999999999983,-7.500000000000001,-8.457690384404105E-4,-2.2688859768749123E-7
9.999999999999984,-7.500000000000001,-0.0011709392606767898,-2.2379356323654065E-7
10.199999999999983,-7.5,-0.0014198700050521303,-2.1977482411728033E-7
10.399999999999986,-7.500000000000001,-0.0015985332349397778,-2.1506477665411694E-7
10.599999999999985,-7.500000000000001,-0.0017127828710309597,-2.0987838933450573E-7
10.799999999999988,-7.500000000000002,-0.0017683391533262012,-2.0440767212193123E-7
10.99999999999999,-7.5,-0.0017707784325597942,-1.982624127094823E-7
11.19999999999999,-7.5,-0.00172552857473081,-1.9103210924242828E-7
11.399999999999993,-7.500000000000001,-0.0016378682644571654,-1.8309090776824632E-7
11.599999999999993,-7.500000000000001,-0.0015129308415479483,-1.751835769780996E-7
11.799999999999995,-7.500000000000002,-0.0013557107311188506,-1.6495741128608185E-7
11.999999999999995,-7.500000000000001,-0.0011710776209027504,-1.6359255372577763E-7
12.199999999999996,-7.500000000000001,-9.637827826566904E-4,-1.579648198912764E-7
12.399999999999997,-7.500000000000001,-7.384815630814987E-4,-1.7918247241510696E-7
12.599999999999998,-7.500000000000001,-4.997546729813773E-4,-1.866851935261593E-7
12.799999999999999,-7.500000000000001,-2.5209520153455633E-4,-2.5020749738757786E-7
13,-7.499999999999999,6.364503445621772E-8,-7.249775535456136E-8
-6.8000000000000025,10.5,0.001069613866743424,1.5003552178427526E-8
-6.600000000000004,10.500000000000002,0.0021389832673001635,1.3543290933171193E-8
-6.400000000000005,10.5,0.003207837145758077,1.0817263529361297E-8
-6.200000000000007,10.5,0.004275861203518971,1.0720896170823835E-8
-6.000000000000009,10.5,0.005342669951734712,1.3302249080027195E-8
-5.8000000000000105,10.5,0.006407786508262347,1.8188825556819666E-8
-5.600000000000011,10.5,0.007470621209882289,2.4900746353750943E-8
-5.400000000000013,10.5,0.008530451149870721,3.226547828916182E-8
-5.200000000000014,10.5,0.00958640152274537,3.988623475947861E-8
-5.000000000000016,10.5,0.010637428943862657,4.785329199563648E-8
-4.800000000000018,10.5,0.01168230662641445,5.609933406702793E-8
-4.600000000000019,10.5,0.01271961208140304,6.43016582202449E-8
-4.400000000000021,10.5,0.013747717742536025,7.226273091021085E-8
-4.200000000000022,10.5,0.014764785014928172,8.017400787707629E-8
-4.000000000000025,10.5,0.01576876212176881,8.792454941897175E-8
-3.8000000000000265,10.5,0.016757386024847776,9.533565759056727E-8
-3.6000000000000285,10.5,0.017728189143510598,1.0221301760537926E-7
-3.4000000000000306,10.5,0.01867851107647045,1.0835136876607976E-7
-3.200000000000033,10.5,0.019605515709733897,1.1353762552346323E-7
-3.000000000000035,10.5,0.020506213961665406,1.1755576423411183E-7
-2.800000000000037,10.5,0.021377492317539826,1.2019223927239864E-7
-2.600000000000039,10.5,0.022216147161482347,1.2124257953161077E-7
-2.400000000000041,10.5,0.023018924752668646,1.2051919284772336E-7
-2.200000000000043,10.5,0.023782566497327903,1.178597832662831E-7
-2.000000000000045,10.5,0.024503858953635493,1.1313599479478853E-7
-1.800000000000047,10.5,0.02517968777341739,1.0626227542331888E-7
-1.6000000000000485,10.5,0.025807094542642513,9.72048521674651E-8
-1.4000000000000514,10.5,0.026383335247611047,8.59890105786576E-8
-1.2000000000000535,10.5,0.02690593887514314,7.270494695177375E-8
-1.0000000000000555,10.5,0.027372764471350838,5.751177933888129E-8
-0.8000000000000576,10.5,0.02778205484889806,4.063838687784482E-8
-0.6000000000000592,10.5,0.028132485072702273,2.2380936215427027E-8
-0.40000000000006164,10.5,0.028423203867467883,3.0970381814654498E-9
-0.20000000000006324,10.5,0.02865386620642418,-1.6803998192926883E-8
-6.483702463810914E-14,10.5,0.028824655548355338,-3.687420324638424E-8
0.1999999999999318,10.5,0.02893629449978796,-5.6643115087240397E-8
0.3999999999999302,10.5,0.02899004307179442,-7.563580695091332E-8
0.5999999999999286,10.5,0.02898768416465813,-9.339215445436365E-8
0.7999999999999261,10.5,0.02893149641880832,-1.0948577244818125E-7
0.9999999999999245,10.5,0.02882421508723887,-1.235415556521957E-7
1.199999999999923,10.5,0.028668982078682067,-1.3525028919048054E-7
1.3999999999999204,10.5,0.028469286757984765,-1.443800501377268E-7
1.5999999999999184,10.5,0.028228899440677857,-1.5078269655077747E-7
1.799999999999916,10.5,0.027951799759823537,-1.5439597600419575E-7
1.9999999999999143,10.5,0.027642102201670404,-1.552410591187936E-7
2.1999999999999127,10.5,0.027303981101408855,-1.5341607717545E-7
2.3999999999999098,10.5,0.026941597266021407,-1.4908637258059798E-7
2.599999999999908,10.5,0.026559028169603316,-1.4247208124373856E-7
2.7999999999999057,10.5,0.026160203370261034,-1.3383540409250827E-7
2.999999999999904,10.5,0.02574884645379072,-1.2346684119535212E-7
3.1999999999999025,10.5,0.02532842444951644,-1.116728034489256E-7
3.3999999999998995,10.5,0.024902105309504208,-9.876430961952565E-8
3.599999999999898,10.5,0.024472723724604073,-8.504790738328438E-8
3.7999999999998963,10.5,0.02404275527437516,-7.081881392423384E-8
3.999999999999894,10.5,0.02361429868792086,-5.635543409709953E-8
4.199999999999892,10.5,0.023189065836738187,-4.191720481827588E-8
4.39999999999989,10.5,0.022768378972563674,-2.7742376396133747E-8
4.599999999999888,10.5,0.0223531746634702,-1.4048384677778358E-8
4.799999999999886,10.5,0.021944013867766895,-1.031970064957477E-9
4.999999999999883,10.5,0.021541097575093815,1.1130338428699815E-8
5.199999999999882,10.5,0.021144287471296153,2.228188300534839E-8
5.39999999999988,10.5,0.02075313108803911,3.2285569773193856E-8
5.599999999999879,10.5,0.020366890907866697,4.102476047762593E-8
5.799999999999875,10.5,0.01998457688485189,4.840461542698903E-8
5.999999999999873,10.5,0.019604981816612188,5.435374728079978E-8
6.199999999999871,10.5,0.019226718957995104,5.882630471631955E-8
6.39999999999987,10.5,0.01884826121848615,6.180406320055454E-8
6.599999999999868,10.5,0.018467981225933627,6.329811963468046E-8
6.799999999999866,10.5,0.01808419148754936,6.335025304338159E-8
6.999999999999863,10.5,0.017695183845543028,6.20317628374778E-8
7.199999999999861,10.5,0.01729926741098975,5.9443117983448695E-8
7.399999999999859,10.5,0.01689480417378686,5.571099848111771E-8
7.5999999999998575,10.5,0.016480241549129637,5.098443178752632E-8
7.799999999999856,10.5,0.016054141198018176,4.54298749730242E-8
7.999999999999853,10.5,0.015615203597680427,3.922434999026336E-8
8.19999999999985,10.5,0.01516228796630159,3.2550245165907654E-8
8.39999999999985,10.5,0.014694427331575886,2.5588704488654912E-8
8.599999999999847,10.5,0.014210838694562076,1.8512666954961784E-8
8.799999999999846,10.5,0.013710928417347999,1.1482033990262151E-8
8.999999999999842,10.5,0.013194293112614552,4.639225004154923E-9
9.199999999999841,10.5,0.012660716453420482,-1.894140844171943E-9
9.399999999999839,10.5,0.012110162420759352,-8.019319430729865E-9
9.599999999999838,10.5,0.011542765587694959,-1.3661820119637014E-8
9.799999999999836,10.5,0.01095881906503937,-1.8770326626338374E-8
9.999999999999831,10.5,0.010358760762034791,-2.331612769523872E-8
10.19999999999983,10.5,0.009743158570412191,-2.7291025439524216E-8
10.399999999999828,10.5,0.009112695060063736,-3.070533782789653E-8
10.599999999999827,10.5,0.008468152282164352,-3.379239732481665E-8
10.799999999999825,10.5,0.007810396750592474,-3.693836436724496E-8
10.999999999999824,10.5,0.007140365688952599,-4.0079051188968144E-8
11.19999999999982,10.5,0.0064590541055382636,-4.332003733509282E-8
11.399999999999817,10.5,0.005767503325829537,-4.7232514788220215E-8
11.599999999999817,10.5,0.005066790947100053,-5.3098238694815336E-8
11.799999999999814,10.5,0.004358020936598983,-5.892720356115432E-8
11.999999999999813,10.5,0.00364231886819244,-6.382165995688637E-8
12.19999999999981,10.5,0.0029208243218361574,-7.045657479665123E-8
12.399999999999809,10.5,0.0021946875943470445,-8.345047941560324E-8
12.599999999999806,10.5,0.0014650635996860117,-6.99664006731382E-8
12.799999999999805,10.5,7.331100060810057E-4,-8.218470703980074E-8
13,10.5,-1.9329366551801283E-8,-1.7876946145634065E-8
1,2,0.2710927382991293,0.2729537089971812
1,2.2,0.3254686071098014,1.3322676295501878E-15
1,2.4000000000000004,0.23947939661646875,4.440892098500626E-16
1,2.6000000000000005,0.19441831409286922,0
1,2.8000000000000007,0.1652431058637993,0
1,3.000000000000001,0.14483369472923524,0
1,3.200000000000001,0.13031235059461907,0
1,3.4000000000000012,0.12054638311585286,0
1,3.6000000000000014,0.11591667575045238,-4.440892098500626E-16
1,3.8000000000000016,0.1210692049402593,-1.3322676295501878E-15
1,4,0.07744618678564263,-0.06542502255442262
1.200000000000054,2,1.7763568394002505E-15,0.32265157130244093
1.4000000000000519,2,-4.440892098500626E-16,0.215743709923919
1.6000000000000498,2,-4.440892098500626E-16,0.1427919786413243
1.8000000000000478,2,0,0.08208449008283214
2.000000000000046,2,-4.440892098500626E-16,0.02844892325606718
2.2000000000000437,2,4.440892098500626E-16,-0.0198873749786399
2.400000000000042,2,-8.881784197001252E-16,-0.06367881643599649
2.6000000000000396,2,4.440892098500626E-16,-0.10331878088045253
2.800000000000038,2,-8.881784197001252E-16,-0.13907444485595244
3.000000000000036,2,4.440892098500626E-16,-0.17119249657208388
3.200000000000034,2,0,-0.19995752758825747
3.400000000000032,2,0,-0.22571917050274548
3.60000000000003,2,-4.440892098500626E-16,-0.248892907854402
3.800000000000028,2,8.881784197001252E-16,-0.2699429877462105
4.000000000000026,2,-8.881784197001252E-16,-0.2893420141541454
4.200000000000023,2,0,-0.30752978495319416
4.400000000000023,2,-4.440892098500626E-16,-0.32486415099763066
4.600000000000021,2,-4.440892098500626E-16,-0.3415535816856656
4.800000000000019,2,-4.440892098500626E-16,-0.3575682383963459
5.000000000000017,2,4.440892098500626E-16,-0.37249095823701417
5.200000000000015,2,4.440892098500626E-16,-0.3852881639120769
5.400000000000015,2,4.440892098500626E-16,-0.39412337934560115
5.600000000000013,2,-4.440892098500626E-16,-0.39626399502674875
5.8000000000000105,2,0,-0.3888331135120828
6.000000000000009,2,0,-0.3704798326415686
6.200000000000007,2,4.440892098500626E-16,-0.34342965699432826
6.400000000000005,2,0,-0.31344111925330065
6.600000000000005,2,-4.440892098500626E-16,-0.2884261602089211
6.8000000000000025,2,-8.881784197001252E-16,-0.28233955937454125
7,2,0.1336600646759436,-0.16793105878331688
1.2,4,0,-0.07211370709168508
1.4,4,-4.440892098500626E-16,-0.05026559481721371
1.5999999999999996,4,4.440892098500626E-16,-0.039487639949658426
1.7999999999999996,4,-4.440892098500626E-16,-0.03265689599758436
1.9999999999999996,4,-4.440892098500626E-16,-0.02779244308306694
2.1999999999999993,4,0,-0.02408295048544939
2.399999999999999,4,0,-0.021120005395909747
2.5999999999999988,4,-4.440892098500626E-16,-0.018671088476760467
2.7999999999999985,4,4.440892098500626E-16,-0.01659216896199478
2.9999999999999982,4,-4.440892098500626E-16,-0.014788196700923349
3.199999999999998,4,-4.440892098500626E-16,-0.013193203123862407
3.3999999999999977,4,0,-0.011759401252686263
3.5999999999999974,4,4.440892098500626E-16,-0.010450801746745508
3.799999999999997,4,0,-0.009239249820968796
3.9999999999999964,4,0,-0.008101822675601333
4.199999999999996,4,0,-0.007019010395814096
4.399999999999995,4,0,-0.005973340296637097
4.599999999999994,4,0,-0.004948220785435886
4.799999999999994,4,0,-0.003926828697568218
4.999999999999993,4,0,-0.002890861874488948
5.199999999999992,4,4.440892098500626E-16,-0.0018189209855696829
5.3999999999999915,4,0,-6.841359429237137E-4
5.599999999999992,4,0,5.496861048457369E-4
5.799999999999991,4,4.440892098500626E-16,0.0019349094337060002
5.99999999999999,4,8.881784197001252E-16,0.003553467079654204
6.1999999999999895,4,8.881784197001252E-16,0.005546328399530509
6.399999999999989,4,8.881784197001252E-16,0.008189449906635282
6.599999999999988,4,8.881784197001252E-16,0.012148707393399238
6.799999999999987,4,-1.3322676295501878E-15,0.01980759860135839
7,4,0.025168225975817023,0.01959612192226938
2,-1.5,0.3067635468249901,0.07811165561690259
2.0710184643572216,-1.393472303464168,0.7917041203975282,-0.5278027469316895
2.1365496488617164,-1.2951755267074256,0.6550547288909394,-0.4367031525939548
2.2062258888440787,-1.1906611667338822,0.5887413407954618,-0.39249422719697513
2.2831210029794473,-1.0753184955308284,0.5452880632820307,-0.36352537552135183
2.36793397965,-0.9480990305249997,0.5121527881644752,-0.341435192109651
2.461502225514052,-0.8077466617289222,0.484253836875042,-0.3228358912500271
2.5647007693514077,-0.6529488459728885,0.45973575985831777,-0.30649050657221066
2.6731604746273057,-0.490259288059042,0.4402559103498873,-0.2935039402332569
2.7823556686241178,-0.3264664970638232,0.43001155925623524,-0.2866743728374891
2.8915501387992286,-0.1626747918011569,0.4422316916517053,-0.2948211277678052
3,0,0.35511853832186924,-0.4574450239484548
2.1092770545532997,-1.4317018409041875,-0.30666268421216736,0.49066029473946754
2.210154545100515,-1.368653409312178,-0.21097774853442552,0.33756439765508706
2.3179994667979655,-1.3012503332512715,-0.16401171541531956,0.26241874466450965
2.437100922008437,-1.2268119237447266,-0.13435938859924823,0.21497502175879488
2.5685805347015513,-1.1446371658115304,-0.11364341133871435,0.18182945814194618
2.7137422234863497,-1.0539111103210312,-0.09831363541964076,0.15730181667142748
2.8735338440434797,-0.9540413474728251,-0.08661821018978122,0.13858913630364997
3.038358258451452,-0.8510260884678427,-0.07801765272294701,0.12482824435671658
3.203392197517939,-0.7478798765512882,-0.07170475621623318,0.11472760994597175
3.368426136584426,-0.6447336646347338,-0.06700559258866967,0.10720894814187143
3.533460075650913,-0.5415874527181794,-0.06351485597900064,0.10162376956639818
3.6984940147174,-0.43844124080162505,-0.06098089589353783,0.09756943342966018
3.863527953783887,-0.3352950288850707,-0.05924989724656903,0.09479983559451098
4.028561892850374,-0.2321488169685162,-0.058233652711053845,0.09317384433768816
4.193595831916862,-0.1290026050519616,-0.057894728158496944,0.09263156505359471
4.358629770983349,-0.025856393135407107,-0.05824089003911037,0.09318542406257313
4.523663710049836,0.07728981878114738,-0.059329638768617854,0.09492742202978909
4.688592159087287,0.18037009942955518,-0.061276229875686816,0.09804196780109975
4.846729155647973,0.2792057222799822,-0.06414536190174436,0.10263257904279198
4.991883214571528,0.36992700910720444,-0.06790961730438094,0.10865538768701043
5.123334671236013,0.45208416952250835,-0.07258607465850453,0.11613771945360596
5.242398547558927,0.5264990922243296,-0.07827588610515801,0.12524141776825481
5.350263149830015,0.5939144686437594,-0.08514175457039874,0.13622680731264314
5.616521369262647,0.7603258557891546,-0.11578634957025534,0.18525815931240783
5.536398588271298,0.7102491176695613,-0.10345897649497669,0.16553436239196495
5.447925286544672,0.6549533040904201,-0.09341809367018383,0.14946894987229786
5.689109506021477,0.8056934412634233,-0.13122785614521756,0.20996456983234776
5.754814188004259,0.8467588675026618,-0.15112554169001235,0.24180086670400766
5.8143822681303865,0.8839889175814918,-0.17801685513234977,0.2848269682117657
5.870730830385885,0.9192067689911786,-0.21933265411350297,0.35093224658160516
5.932199230409805,0.957624519006128,-0.31314096153705506,0.5010255384592792
6,1,-0.08094390870671586,-0.17906558547022566
3.18789901772269,0.06263300590756325,0.1405823580571218,-0.42174707417136736
3.3757980354453796,0.1252660118151265,0.12078351458261921,-0.3623505437478576
3.563697053168069,0.18789901772268974,0.11149148285400305,-0.33447444856200875
3.751596070890759,0.25053202363025295,0.10679391889302914,-0.32038175667908914
3.939495088613449,0.31316502953781616,0.10482685380179502,-0.31448056140538005
4.127394106336138,0.3757980354453794,0.10474025378544694,-0.31422076135633903
4.315293124058828,0.4384310413529426,0.10608323574647371,-0.31824970723941787
4.5031904793764275,0.5010634931254758,0.1086118027367907,-0.3258354082103756
4.684432786078194,0.5614775953593981,0.11207725406130818,-0.33623176218392437
4.850999363769464,0.6169997879231548,0.11616787347259894,-0.34850362041779537
5.001684670326201,0.6672282234420669,0.12072012691993693,-0.3621603807598077
5.137999949739248,0.7126666499130827,0.12571230641429942,-0.3771369192428983
5.261310497716543,0.7537701659055144,0.13119612435492456,-0.39358837306477445
5.647677103885865,0.8825590346286217,0.1618777784376921,-0.485633335313079
5.722400044853209,0.907466681617736,0.17393289864871497,-0.5217986959461358
5.565090220697221,0.8550300735657403,0.15223621965212783,-0.4567086589563907
5.473791222449036,0.8245970741496788,0.14420290323781604,-0.43260870971345433
5.372873336021153,0.7909577786737177,0.13729324250852548,-0.4118797275255774
5.789983356348821,0.9299944521162739,0.18984494214693792,-0.5695348264408269
5.8536780689577785,0.9512260229859262,0.2138227237223924,-0.6414681711671761
5.923188899543543,0.9743962998478476,0.2674597916159793,-0.8023793748479421
7.000000000000001,2.1999999999999984,0.14246602181293477,-2.5360904273641582E-15
7.000000000000001,2.3999999999999986,0.09692577124510837,-3.8738315165039466E-16
7.000000000000001,2.5999999999999988,0.07543346426484865,-1.775593743418042E-15
7.000000000000002,2.799999999999999,0.06244434424719758,3.4353825938879094E-16
7.000000000000001,2.999999999999999,0.05370822342948366,-9.458744465418023E-16
7.000000000000002,3.1999999999999993,0.04755291582439236,2.956820726376043E-16
7.000000000000001,3.3999999999999995,0.04326016002701705,1.0109043740866844E-15
7.000000000000001,3.5999999999999996,0.04073350836174772,1.893393263088482E-17
7.000000000000001,3.8,0.041208419290433174,-2.1428791736206425E-16
13,-7.300000000000262,2.7836857174889923E-7,-2.5284961644889137E-4
13,-7.100000000000258,2.1054634924411175E-7,-5.101244233864932E-4
13,-6.900000000000254,2.750611569624084E-7,-7.762660365884244E-4
13,-6.7000000000002515,2.123284144062154E-7,-0.0010556518305939733
13,-6.500000000000248,1.9020767183519635E-7,-0.0013525912421847863
13,-6.300000000000244,1.8352363007068107E-7,-0.0016713018540785993
13,-6.100000000000242,1.667653410919456E-7,-0.0020158990438217117
13,-5.900000000000238,1.4783850144084454E-7,-0.00239035037035773
13,-5.7000000000002355,1.321556695188519E-7,-0.0027984549787429813
13,-5.500000000000232,1.203162893759213E-7,-0.0032438135021717325
13,-5.300000000000228,1.0963917063122608E-7,-0.003729793011910232
13,-5.100000000000225,9.74748743942655E-8,-0.004259492752006544
13,-4.9000000000002215,8.373029203312399E-8,-0.0048357041600795014
13,-4.700000000000218,6.831317822530991E-8,-0.0054608702153968736
13,-4.500000000000215,5.114082579638079E-8,-0.0061370416428365715
13,-4.300000000000212,3.2146877160243996E-8,-0.006865830743972623
13,-4.100000000000209,1.1287297319029221E-8,-0.007648363210489784
13,-3.9000000000002055,-1.145180306139082E-8,-0.008485228431488245
13,-3.7000000000002022,-3.604658616040979E-8,-0.009376429000785613
13,-3.500000000000199,-6.242652794696824E-8,-0.010321330334245536
13,-3.300000000000195,-9.046444393590036E-8,-0.01131861153766689
13,-3.100000000000192,-1.1996803905844897E-7,-0.012366218911036952
13,-2.9000000000001886,-1.5066949643482985E-7,-0.01346132372810782
13,-2.700000000000185,-1.8221826447728515E-7,-0.014600286185400435
13,-2.5000000000001825,-2.1417402962242702E-7,-0.015778627649382315
13,-2.3000000000001792,-2.4600201697921875E-7,-0.01699101354036614
13,-2.100000000000176,-2.7707293792644805E-7,-0.01823124933368181
13,-1.9000000000001727,-3.066672524809632E-7,-0.019492292229339014
13,-1.700000000000169,-3.339847101102577E-7,-0.0207662809921878
13,-1.5000000000001656,-3.581611860425937E-7,-0.022044586280866692
13,-1.3000000000001624,-3.7829292853786E-7,-0.02331788342913832
13,-1.1000000000001586,-3.934677827999166E-7,-0.024576249094036662
13,-0.9000000000001562,-4.0280442803464206E-7,-0.025809282438364
13,-0.7000000000001529,-4.0549835222947195E-7,-0.0270062505550932
13,-0.5000000000001492,-4.008714693526371E-7,-0.02815625670201527
13,-0.30000000000014637,-3.8842248262227486E-7,-0.029248428625995082
13,-0.10000000000014264,-3.6787739876587006E-7,-0.030272122891126685
13,0.0999999999998602,-3.392317617922913E-7,-0.031217139753622725
13,0.29999999999986393,-3.0278257145965876E-7,-0.032073941886528345
13,0.49999999999986766,-2.591452545885886E-7,-0.032833869230540096
13,0.6999999999998705,-2.0925192423248973E-7,-0.03348934158354844
13,0.8999999999998733,-1.543283199012535E-7,-0.0340340403312549
13,1.0999999999998775,-9.585055327221426E-8,-0.034463061048554344
13,1.29999999999988,-3.548004379183566E-8,-0.0347730296010722
13,1.4999999999998836,2.5014536220169245E-8,-0.03496217583421135
13,1.6999999999998874,8.384718253040546E-8,-0.03503036087401856
13,1.8999999999998898,1.3930828401953477E-7,-0.0349790563564607
13,2.0999999999998913,1.8985102734347947E-7,-0.03481127637481052
13,2.2999999999998937,2.3416931593800427E-7,-0.03453146538435092
13,2.4999999999998956,2.7125566326446915E-7,-0.034145347537299024
13,2.699999999999899,3.0043835597126645E-7,-0.03365974475448752
13,2.8999999999999004,3.2139513006512743E-7,-0.03308237213400833
13,3.099999999999903,3.3414319844382584E-7,-0.03242161997793236
13,3.2999999999999052,3.390099978517469E-7,-0.031686331763066455
13,3.4999999999999085,3.3658649734036317E-7,-0.03088558684906495
13,3.6999999999999096,3.27672220912234E-7,-0.03002849567864274
13,3.899999999999912,3.1321228632918974E-7,-0.029124013849746607
13,4.099999999999914,2.9423620606650047E-7,-0.02818077982130429
13,4.299999999999917,2.7179981465508263E-7,-0.027206979353295854
13,4.499999999999919,2.4693515943141614E-7,-0.02621023815137168
12.999999999999998,4.699999999999921,2.2060880677798878E-7,-0.025197542730650665
13,4.899999999999924,1.9369115733525177E-7,-0.02417518827108785
13.000000000000002,5.099999999999927,1.6693658366762063E-7,-0.023148751263414473
13,5.299999999999928,1.4097062361884127E-7,-0.022123084064532023
12.999999999999998,5.49999999999993,1.1628912677252855E-7,-0.021102328033205463
13,5.699999999999934,9.326084970950888E-8,-0.020089941766840088
13,5.8999999999999355,7.213781749726422E-8,-0.019088740949918304
13,6.0999999999999375,5.306760897383355E-8,-0.01810094653622052
13,6.29999999999994,3.610836873946255E-8,-0.017128238267759825
13.000000000000002,6.499999999999944,2.124470732667305E-8,-0.01617181092240192
12.999999999999998,6.699999999999946,8.402751383584928E-9,-0.0152324310957489
13,6.899999999999949,-2.534068954673785E-9,-0.014310492745886803
13,7.099999999999953,-1.171252428378011E-8,-0.013406070141634528
13,7.299999999999955,-1.9298421527480514E-8,-0.01251896722929935
13,7.499999999999957,-2.546685529125625E-8,-0.011648762765863905
13,7.699999999999961,-3.0394321726134876E-8,-0.010794850849167759
13,7.899999999999962,-3.4251163683052255E-8,-0.009956476704688908
13,8.099999999999966,-3.719750285569034E-8,-0.009132767782811689
13,8.299999999999967,-3.932124226224687E-8,-0.008322760327918831
12.999999999999998,8.499999999999972,-4.068150349922916E-8,-0.007525421683027883
13,8.699999999999974,-4.1439058406922407E-8,-0.0067396687049942425
13.000000000000002,8.899999999999977,-4.1938754691273055E-8,-0.005964382662215075
13,9.099999999999982,-4.254380669976854E-8,-0.005198421146841881
13,9.299999999999983,-4.201085701538432E-8,-0.0044406270193109165
13,9.499999999999986,-4.3172939001578925E-8,-0.0036898343996574208
13,9.699999999999989,-4.339220005533661E-8,-0.0029448752028029546
13,9.899999999999991,-4.643802675730058E-8,-0.0022045797404510736
13,10.099999999999993,-4.723806235062966E-8,-0.001467777960846982
12.999999999999998,10.299999999999997,-6.585713130391467E-8,-7.333087492503667E-4
-0.707103564234975,-0.7071099981234846,-0.17855130140996245,-0.17855327334985072
-0.8315786282524517,-0.5554070444581802,-0.19375214961594842,-0.12914241480029132
-0.5553994779927742,-0.8315836818055977,-0.15490752478596326,-0.23241305068120965
-0.9240309482450496,-0.38231767770449027,-0.20269735892883922,-0.08341476814475879
-0.9808938056972026,-0.19454393319982605,-0.20724607537620263,-0.04048225591391452
-0.38230927130847,-0.9240344263454617,-0.11967852085649922,-0.29082728332354074
-0.194540237773805,-0.9808945386161101,-0.06889216871966952,-0.35270123433011413
-1,0,-0.20907458390047218,-2.2350117574888163E-6
0,-1,-9.251313066503328E-6,-0.4166518751269743
-0.9808945386161101,0.194540237773805,-0.20699272780997013,0.040432626075918014
-0.9240344263454617,0.38230927130847,-0.2017301935446083,0.08301554374322673
-0.8315836818055977,0.5553994779927742,-0.1921429525276941,0.12806825905395278
-0.7071099981234846,0.707103564234975,-0.17649599074379682,0.1764958237479548
-0.5554070444581802,0.8315786282524517,-0.15263520131586228,0.22900081269278738
-0.38231767770449027,0.9240309482450496,-0.117276350907074,0.2849845856068254
-0.19454393319982605,0.9808938056972026,-0.06693043077868743,0.3426534869177118
0,1,-1.1708464668911886E-5,0.39833115433209265
0.19454393319982605,-0.9808938056972026,0.09291450824032277,-0.4756563137419523
0.38231767770449027,-0.9240309482450496,0.2160878277282101,-0.5250872025906131
0.5554070444581802,-0.8315786282524517,0.3657595161113205,-0.5487463734055527
0.7071099981234846,-0.707103564234975,0.5297938787197363,-0.5297888834977312
0.8315836818055977,-0.5553994779927742,0.6816405269359253,-0.45432879575643254
0.9240344263454617,-0.38230927130847,0.7885032553443336,-0.32448239379746985
0.9808945386161101,-0.194540237773805,0.829445088086535,-0.16201990484191364
1,0,0.8059376346387923,1.9246325752675375E-5
0.194540237773805,0.9808945386161101,0.0860449494247617,0.4404958048857539
0.9808938056972026,0.19454393319982605,0.7304977175007917,0.14268858745056331
0.38230927130847,0.9240344263454617,0.18974267723285676,0.46107881563944675
0.9240309482450496,0.38231767770449027,0.6307832868311825,0.2595793407031257
0.8315786282524517,0.5554070444581802,0.5219111700759167,0.3478682776432396
0.707103564234975,0.7071099981234846,0.41179324188510336,0.4117938105429153
0.5553994779927742,0.8315836818055977,0.300696191049437,0.4511393323951411
